{
  "assignment": {
    "(0, 0, 0)": 1,
    "(0, 0, 2)": 1,
    "(0, 1, 2)": 1,
    "(1, 0, 2)": 1,
    "(1, 0, 3)": 1,
    "(2, 0, 2)": 1,
    "(2, 1, 0)": 1,
    "(2, 1, 2)": 1,
    "(3, 0, 3)": 1,
    "(4, 0, 1)": 1,
    "(4, 0, 2)": 1,
    "(4, 1, 1)": 1,
    "(4, 1, 3)": 1
  },
  "energy": 23885.02981890786,
  "method": "qaoa",
  "timestamp": "2025-11-13T15:09:00.390559",
  "parameters": {
    "slot_length_min": 15,
    "horizon_hours": 1,
    "qaoa_layers": 100
  }
}
