{
  "assignment": {
    "(0, 1, 2)": 1,
    "(0, 1, 3)": 1,
    "(1, 0, 1)": 1,
    "(1, 0, 3)": 1,
    "(2, 0, 2)": 1,
    "(3, 1, 1)": 1,
    "(4, 0, 0)": 1,
    "(4, 1, 0)": 1
  },
  "energy": -39794.48374143349,
  "method": "anneal",
  "timestamp": "2025-11-13T15:28:09.874885",
  "parameters": {
    "slot_length_min": 15,
    "horizon_hours": 1,
    "qaoa_layers": null
  }
}
