{
  "assignment": {
    "(0, 0, 4)": 4,
    "(0, 0, 6)": 6,
    "(1, 0, 3)": 35,
    "(1, 0, 5)": 37,
    "(2, 0, 2)": 66,
    "(2, 1, 2)": 82,
    "(3, 0, 1)": 97,
    "(3, 1, 1)": 113,
    "(4, 0, 0)": 128,
    "(4, 1, 0)": 144
  },
  "energy": -41873.5593513716,
  "method": "dwave",
  "timestamp": "2025-09-11T12:03:41.366252"
}
